feedback_id,branch_code,service_type,rating,comment,timestamp
FB-1000,AV-WEST,Account Opening & KYC,4,"Pleasant staff, but waiting area was slightly crowded.",2026-09-17T21:16:14.556074
FB-1001,AV-WEST,Loan & Mortgages,2,Waited over 40 minutes for mortgage consultation. Only 1 advisor on duty.,2026-09-16T18:16:14.556074
FB-1002,AV-NORTH,Cash & Deposits,1,Long queues during lunch rush. Need more active counters.,2026-09-25T09:16:14.556074
FB-1003,AV-WEST,Account Opening & KYC,4,"Pleasant staff, but waiting area was slightly crowded.",2026-09-27T06:16:14.556074
FB-1004,AV-CENTRAL,Wealth & Forex,5,Fast-lane appointment booking worked seamlessly.,2026-09-25T12:16:14.556074
FB-1005,AV-NORTH,Loan & Mortgages,2,Waited over 40 minutes for mortgage consultation. Only 1 advisor on duty.,2026-09-25T20:16:14.556074
FB-1006,AV-WEST,General Banking,4,Visited North branch upon suggestion. Much faster than Downtown!,2026-09-28T17:16:14.556074
FB-1007,AV-NORTH,Wealth & Forex,5,Fast-lane appointment booking worked seamlessly.,2026-09-21T20:16:14.556074
FB-1008,AV-WEST,Wealth & Forex,5,Fast-lane appointment booking worked seamlessly.,2026-09-20T19:16:14.556074
FB-1009,AV-WEST,Cash & Deposits,5,"Cash deposit was smooth and fast, zero queue today.",2026-09-25T19:16:14.556074
FB-1010,AV-CENTRAL,Loan & Mortgages,2,Waited over 40 minutes for mortgage consultation. Only 1 advisor on duty.,2026-09-19T17:16:14.556074
FB-1011,AV-NORTH,General Banking,5,The Avenue app wait time was accurate! Saved 25 minutes.,2026-09-19T22:16:14.556074
FB-1012,AV-NORTH,General Banking,5,The Avenue app wait time was accurate! Saved 25 minutes.,2026-09-21T13:16:14.556074
FB-1013,AV-NORTH,Cash & Deposits,1,Long queues during lunch rush. Need more active counters.,2026-09-29T08:16:14.556074
FB-1014,AV-CENTRAL,Wealth & Forex,5,Fast-lane appointment booking worked seamlessly.,2026-09-17T13:16:14.556074
FB-1015,AV-CENTRAL,Account Opening & KYC,4,"Pleasant staff, but waiting area was slightly crowded.",2026-09-17T23:16:14.556074
FB-1016,AV-WEST,Cash & Deposits,5,"Cash deposit was smooth and fast, zero queue today.",2026-09-21T00:16:14.556074
FB-1017,AV-NORTH,General Banking,4,Visited North branch upon suggestion. Much faster than Downtown!,2026-09-24T14:16:14.556074
FB-1018,AV-NORTH,Account Opening & KYC,3,"Staff was polite, but KYC process took longer than promised.",2026-09-21T12:16:14.556074
FB-1019,AV-CENTRAL,Cash & Deposits,1,Long queues during lunch rush. Need more active counters.,2026-09-22T10:16:14.556074
FB-1020,AV-WEST,General Banking,5,The Avenue app wait time was accurate! Saved 25 minutes.,2026-09-29T07:16:14.556074
FB-1021,AV-WEST,Cash & Deposits,5,"Cash deposit was smooth and fast, zero queue today.",2026-09-19T23:16:14.556074
FB-1022,AV-NORTH,General Banking,4,Visited North branch upon suggestion. Much faster than Downtown!,2026-09-26T07:16:14.556074
FB-1023,AV-WEST,Wealth & Forex,5,Fast-lane appointment booking worked seamlessly.,2026-09-25T18:16:14.556074
FB-1024,AV-NORTH,Cash & Deposits,1,Long queues during lunch rush. Need more active counters.,2026-09-19T22:16:14.556074
FB-1025,AV-CENTRAL,Account Opening & KYC,4,"Pleasant staff, but waiting area was slightly crowded.",2026-09-29T13:16:14.556074
FB-1026,AV-NORTH,Wealth & Forex,5,Fast-lane appointment booking worked seamlessly.,2026-09-17T19:16:14.556074
FB-1027,AV-CENTRAL,Loan & Mortgages,2,Waited over 40 minutes for mortgage consultation. Only 1 advisor on duty.,2026-09-28T22:16:14.556074
FB-1028,AV-WEST,General Banking,5,The Avenue app wait time was accurate! Saved 25 minutes.,2026-09-24T09:16:14.556074
FB-1029,AV-WEST,Loan & Mortgages,2,Waited over 40 minutes for mortgage consultation. Only 1 advisor on duty.,2026-09-28T05:16:14.556074
FB-1030,AV-CENTRAL,General Banking,4,Visited North branch upon suggestion. Much faster than Downtown!,2026-09-27T00:16:14.556074
FB-1031,AV-NORTH,Cash & Deposits,5,"Cash deposit was smooth and fast, zero queue today.",2026-09-23T11:16:14.556074
FB-1032,AV-WEST,Wealth & Forex,5,Fast-lane appointment booking worked seamlessly.,2026-09-30T05:16:14.556074
FB-1033,AV-NORTH,Loan & Mortgages,2,Waited over 40 minutes for mortgage consultation. Only 1 advisor on duty.,2026-09-26T10:16:14.556074
FB-1034,AV-WEST,Cash & Deposits,5,"Cash deposit was smooth and fast, zero queue today.",2026-09-18T07:16:14.556074
FB-1035,AV-CENTRAL,Cash & Deposits,1,Long queues during lunch rush. Need more active counters.,2026-09-29T07:16:14.556074
FB-1036,AV-NORTH,Wealth & Forex,5,Fast-lane appointment booking worked seamlessly.,2026-09-28T07:16:14.556074
FB-1037,AV-CENTRAL,Cash & Deposits,5,"Cash deposit was smooth and fast, zero queue today.",2026-09-25T13:16:14.556074
FB-1038,AV-WEST,Account Opening & KYC,3,"Staff was polite, but KYC process took longer than promised.",2026-09-17T13:16:14.556074
FB-1039,AV-WEST,Account Opening & KYC,4,"Pleasant staff, but waiting area was slightly crowded.",2026-09-26T20:16:14.556074
FB-1040,AV-NORTH,Loan & Mortgages,2,Waited over 40 minutes for mortgage consultation. Only 1 advisor on duty.,2026-09-23T02:16:14.556074
FB-1041,AV-NORTH,Loan & Mortgages,2,Waited over 40 minutes for mortgage consultation. Only 1 advisor on duty.,2026-09-17T21:16:14.556074
FB-1042,AV-CENTRAL,Cash & Deposits,1,Long queues during lunch rush. Need more active counters.,2026-09-18T13:16:14.556074
FB-1043,AV-NORTH,Cash & Deposits,1,Long queues during lunch rush. Need more active counters.,2026-09-30T14:16:14.556074
FB-1044,AV-WEST,Wealth & Forex,5,Fast-lane appointment booking worked seamlessly.,2026-09-29T00:16:14.556074
FB-1045,AV-WEST,General Banking,5,The Avenue app wait time was accurate! Saved 25 minutes.,2026-09-20T14:16:14.556074
FB-1046,AV-CENTRAL,Cash & Deposits,1,Long queues during lunch rush. Need more active counters.,2026-09-21T18:16:14.556074
FB-1047,AV-WEST,Loan & Mortgages,2,Waited over 40 minutes for mortgage consultation. Only 1 advisor on duty.,2026-09-23T13:16:14.556074
FB-1048,AV-CENTRAL,Loan & Mortgages,2,Waited over 40 minutes for mortgage consultation. Only 1 advisor on duty.,2026-09-28T05:16:14.556074
FB-1049,AV-NORTH,Cash & Deposits,1,Long queues during lunch rush. Need more active counters.,2026-09-25T13:16:14.556074
