service_type,in_branch_requests,total_service_minutes,avg_wait_minutes,pct_of_total_branch_traffic,hours_consumed,potential_30pct_shift_hours_saved
Account Opening,6345,150468.9,4.934105594956659,7.98,2507.8,752.3
Address Update,3802,29951.9,5.047659126775382,4.78,499.2,149.8
Cash Deposit,11611,74944.1,4.707897683231419,14.6,1249.1,374.7
Cash Withdrawal,12712,56688.1,4.626856513530522,15.98,944.8,283.4
Cheque Services,5759,33989.1,5.031168605660705,7.24,566.5,170.0
Complaint,3004,48838.0,4.978262316910786,3.78,814.0,244.2
Credit Card Service,4543,54121.3,4.788245652652432,5.71,902.0,270.6
General Customer Support,4470,43952.6,4.987606263982102,5.62,732.5,219.8
Investment Enquiry,3271,83607.7,5.01225924793641,4.11,1393.5,418.0
KYC Update,8212,109651.5,4.994264490988797,10.33,1827.5,548.2
Loan Enquiry,4831,86065.8,4.934651210929414,6.07,1434.4,430.3
Statement Request,3739,18556.1,4.855335651243648,4.7,309.3,92.8
